{
  "words": [
    "the", "of", "to", "and", "a", "in", "is", "it", "you", "that",
    "he", "was", "for", "on", "are", "as", "with", "his", "they", "i",
    "at", "be", "this", "have", "from", "or", "one", "had", "by", "word",
    "but", "not", "what", "all", "were", "we", "when", "your", "can", "said",
    "there", "each", "which", "she", "do", "how", "their", "if", "will", "up",
    "other", "about", "out", "many", "then", "them", "these", "so", "some", "her",
    "would", "make", "like", "into", "him", "has", "two", "more", "very", "after",
    "words", "first", "been", "who", "oil", "sit", "now", "find", "long", "down",
    "day", "did", "get", "come", "made", "may", "part", "over", "new", "sound",
    "take", "only", "little", "work", "know", "place", "year", "live", "me", "back",
    "give", "most", "very", "after", "thing", "our", "just", "name", "good", "sentence",
    "man", "think", "say", "great", "where", "help", "through", "much", "before", "line",
    "right", "too", "any", "same", "tell", "boy", "follow", "came", "want", "show",
    "also", "around", "form", "three", "small", "set", "put", "end", "why", "again",
    "turn", "here", "off", "went", "old", "number", "great", "tell", "men", "say",
    "small", "every", "found", "still", "between", "name", "should", "home", "big", "give",
    "air", "line", "set", "own", "under", "read", "last", "never", "us", "left",
    "end", "along", "while", "might", "next", "sound", "below", "saw", "something", "thought",
    "both", "few", "those", "always", "looked", "show", "large", "often", "together", "asked",
    "house", "don't", "world", "going", "want", "school", "important", "until", "form", "food",
    "keep", "children", "feet", "land", "side", "without", "boy", "once", "animal", "life",
    "enough", "took", "sometimes", "four", "head", "above", "kind", "began", "almost", "live",
    "page", "got", "earth", "need", "far", "hand", "high", "year", "mother", "light",
    "country", "father", "let", "night", "picture", "being", "study", "second", "soon", "story",
    "since", "white", "ever", "paper", "hard", "near", "sentence", "better", "best", "across",
    "during", "today", "however", "sure", "knew", "it's", "try", "told", "young", "sun",
    "thing", "whole", "hear", "example", "heard", "several", "change", "answer", "room", "sea",
    "against", "top", "turned", "learn", "point", "city", "play", "toward", "five", "himself",
    "usually", "money", "seen", "didn't", "car", "morning", "i'm", "body", "upon", "family",
    "later", "turn", "move", "face", "door", "cut", "done", "group", "true", "leave",
    "color", "red", "friend", "pretty", "eat", "front", "feel", "fact", "hand", "week",
    "eye", "been", "word", "great", "such", "make", "even", "here", "old", "any",
    "after", "us", "man", "out", "day", "get", "use", "her", "new", "now",
    "way", "may", "say", "each", "she", "which", "do", "their", "time", "will",
    "about", "if", "up", "out", "many", "then", "them", "so", "some", "her",
    "would", "make", "like", "him", "into", "has", "two", "more", "very", "what",
    "know", "just", "first", "get", "over", "think", "also", "your", "work", "life",
    "only", "can", "still", "should", "after", "being", "now", "made", "before", "here",
    "through", "when", "much", "go", "good", "new", "write", "our", "used", "me",
    "man", "too", "any", "day", "same", "right", "look", "think", "also", "around",
    "another", "came", "come", "work", "three", "word", "must", "because", "does", "part",
    "even", "place", "well", "such", "here", "take", "why", "things", "help", "put",
    "years", "different", "away", "again", "off", "went", "tell", "number", "no", "way",
    "could", "people", "my", "than", "first", "water", "been", "call", "who", "its",
    "now", "find", "long", "down", "day", "did", "get", "come", "made", "may"
  ],
  "frequency": {
    "the": 1000000,
    "of": 500000,
    "to": 450000,
    "and": 400000,
    "a": 350000,
    "in": 300000,
    "is": 280000,
    "it": 250000,
    "you": 240000,
    "that": 230000,
    "he": 220000,
    "was": 210000,
    "for": 200000,
    "on": 190000,
    "are": 180000,
    "as": 170000,
    "with": 160000,
    "his": 150000,
    "they": 140000,
    "i": 135000,
    "at": 130000,
    "be": 125000,
    "this": 120000,
    "have": 115000,
    "from": 110000,
    "or": 105000,
    "one": 100000,
    "had": 95000,
    "by": 90000,
    "word": 85000,
    "but": 80000,
    "not": 75000,
    "what": 70000,
    "all": 65000,
    "were": 60000,
    "we": 58000,
    "when": 56000,
    "your": 54000,
    "can": 52000,
    "said": 50000,
    "there": 48000,
    "each": 46000,
    "which": 44000,
    "she": 42000,
    "do": 40000,
    "how": 38000,
    "their": 36000,
    "if": 34000,
    "will": 32000,
    "up": 30000,
    "other": 28000,
    "about": 26000,
    "out": 25000,
    "many": 24000,
    "then": 23000,
    "them": 22000,
    "these": 21000,
    "so": 20000,
    "some": 19000,
    "her": 18000,
    "would": 17000,
    "make": 16000,
    "like": 15000,
    "into": 14000,
    "him": 13000,
    "has": 12000,
    "two": 11000,
    "more": 10000,
    "very": 9500,
    "after": 9000,
    "words": 8500,
    "first": 8000,
    "been": 7500,
    "who": 7000,
    "oil": 6500,
    "sit": 6000,
    "now": 5500,
    "find": 5000
  }
}
