{
  "corrections": {
    "teh": "the",
    "adn": "and",
    "hte": "the",
    "nad": "and",
    "yuo": "you",
    "taht": "that",
    "woudl": "would",
    "coudl": "could",
    "shoudl": "should",
    "recieve": "receive",
    "seperate": "separate",
    "definately": "definitely",
    "occured": "occurred",
    "begining": "beginning",
    "wiht": "with",
    "thier": "their",
    "freind": "friend",
    "becuase": "because",
    "beleive": "believe",
    "acheive": "achieve",
    "neccessary": "necessary",
    "accomodate": "accommodate",
    "existance": "existence",
    "maintainance": "maintenance",
    "appearence": "appearance",
    "occassion": "occasion",
    "embarass": "embarrass",
    "dissappoint": "disappoint",
    "independant": "independent",
    "grammer": "grammar",
    "speach": "speech",
    "absense": "absence",
    "adress": "address",
    "arguement": "argument",
    "buisness": "business",
    "calender": "calendar",
    "cemetary": "cemetery",
    "changable": "changeable",
    "collegue": "colleague",
    "concious": "conscious",
    "curiousity": "curiosity",
    "definate": "definite",
    "dilemna": "dilemma",
    "enviroment": "environment",
    "excercise": "exercise",
    "familar": "familiar",
    "goverment": "government",
    "harrass": "harass",
    "hieght": "height",
    "intresting": "interesting",
    "judgement": "judgment",
    "knowlege": "knowledge",
    "liason": "liaison",
    "mischievious": "mischievous",
    "neice": "niece",
    "occassionally": "occasionally",
    "priviledge": "privilege",
    "publically": "publicly",
    "reccomend": "recommend",
    "rythm": "rhythm",
    "sacrafice": "sacrifice",
    "temperture": "temperature",
    "truely": "truly",
    "untill": "until",
    "vaccuum": "vacuum",
    "wierd": "weird",
    "yeild": "yield",
    "accross": "across",
    "alot": "a lot",
    "alright": "all right",
    "anyways": "anyway",
    "aswell": "as well",
    "basicly": "basically",
    "cant": "can't",
    "dont": "don't",
    "dosent": "doesn't",
    "havent": "haven't",
    "isnt": "isn't",
    "shouldnt": "shouldn't",
    "wasnt": "wasn't",
    "wont": "won't",
    "wouldnt": "wouldn't",
    "youre": "you're",
    "its": "it's",
    "theres": "there's",
    "wheres": "where's",
    "heres": "here's",
    "whos": "who's",
    "whats": "what's",
    "thats": "that's",
    "lets": "let's",
    "tommorow": "tomorrow",
    "tomarow": "tomorrow",
    "tommorrow": "tomorrow",
    "tomarrow": "tomorrow",
    "recieved": "received",
    "percieve": "perceive",
    "conceive": "conceive",
    "decieve": "deceive",
    "beleif": "belief",
    "releif": "relief",
    "cheif": "chief",
    "theif": "thief",
    "peice": "piece",
    "feild": "field",
    "sheild": "shield",
    "weild": "wield",
    "sieze": "seize",
    "liesure": "leisure",
    "foriegn": "foreign",
    "soveriegn": "sovereign",
    "preist": "priest",
    "hygeine": "hygiene",
    "caffiene": "caffeine",
    "protien": "protein",
    "concientious": "conscientious",
    "efficent": "efficient",
    "sufficent": "sufficient",
    "proficent": "proficient",
    "deficent": "deficient",
    "ancent": "ancient",
    "decient": "decent",
    "recient": "recent",
    "patince": "patience",
    "scince": "science",
    "licnese": "license",
    "defense": "defence",
    "offence": "offense",
    "pretence": "pretense",
    "liscense": "license",
    "lisence": "license",
    "occurence": "occurrence",
    "referance": "reference",
    "prefernce": "preference",
    "differance": "difference",
    "independance": "independence",
    "dependance": "dependence",
    "attendence": "attendance",
    "resistence": "resistance",
    "persistance": "persistence",
    "consistence": "consistency",
    "assistantce": "assistance",
    "substence": "substance",
    "instence": "instance",
    "sentance": "sentence",
    "repentence": "repentance",
    "compitition": "competition",
    "repetition": "repetition",
    "recognition": "recognition",
    "aquisition": "acquisition",
    "defintion": "definition",
    "descripion": "description",
    "prescripion": "prescription",
    "inscripion": "inscription",
    "transripion": "transcription",
    "subcripion": "subscription",
    "consripion": "conscription",
    "egiption": "Egyptian",
    "magicion": "magician",
    "technicin": "technician",
    "physicin": "physician",
    "musicin": "musician",
    "politicin": "politician",
    "electricin": "electrician",
    "pediatricin": "pediatrician",
    "optometrisn": "optometrist",
    "librarin": "librarian",
    "vegetarin": "vegetarian",
    "barbarin": "barbarian",
    "humanitarin": "humanitarian",
    "totalitarin": "totalitarian",
    "authoritarin": "authoritarian",
    "disciplinarin": "disciplinarian",
    "egalitarin": "egalitarian",
    "untilitarin": "utilitarian",
    "sectarin": "sectarian",
    "desparate": "desperate",
    "temprate": "temperate",
    "moderate": "moderate",
    "accurate": "accurate",
    "inaccurate": "inaccurate",
    "considerate": "considerate",
    "inconsiderate": "inconsiderate",
    "deliberate": "deliberate",
    "confederate": "confederate",
    "elaborate": "elaborate",
    "collaborate": "collaborate",
    "corporate": "corporate",
    "incorporate": "incorporate",
    "appropriate": "appropriate",
    "inappropriate": "inappropriate",
    "approximate": "approximate",
    "proportionate": "proportionate",
    "disproportionate": "disproportionate",
    "fortunate": "fortunate",
    "unfortunate": "unfortunate",
    "coordinate": "coordinate",
    "subordinate": "subordinate",
    "insubordinate": "insubordinate",
    "rite": "right",
    "ryte": "right",
    "nite": "night",
    "lite": "light",
    "thru": "through",
    "tho": "though",
    "altho": "although",
    "tonite": "tonight",
    "enuf": "enough",
    "enought": "enough",
    "mite": "might",
    "thot": "thought",
    "brot": "brought",
    "cot": "caught",
    "taut": "taught",
    "thght": "thought",
    "shld": "should",
    "wld": "would",
    "cld": "could",
    "ppl": "people",
    "pple": "people",
    "peple": "people",
    "peopl": "people",
    "befor": "before",
    "ther": "there",
    "wher": "where",
    "wat": "what",
    "wen": "when",
    "wit": "with",
    "wif": "with",
    "jus": "just",
    "onli": "only",
    "reali": "really",
    "veri": "very",
    "mani": "many",
    "som": "some",
    "tim": "time",
    "fren": "friend",
    "frend": "friend",
    "gud": "good",
    "wel": "well",
    "nic": "nice",
    "grt": "great",
    "awsom": "awesome",
    "awsome": "awesome",
    "awsum": "awesome",
    "kool": "cool",
    "cul": "cool",
    "luv": "love",
    "plz": "please",
    "pls": "please",
    "plse": "please",
    "thnx": "thanks",
    "thx": "thanks",
    "thanx": "thanks",
    "ur": "your",
    "u": "you",
    "2": "to",
    "4": "for",
    "b4": "before",
    "2day": "today",
    "2morrow": "tomorrow",
    "2nite": "tonight",
    "w8": "wait",
    "gr8": "great",
    "l8": "late",
    "str8": "straight",
    "m8": "mate",
    "h8": "hate",
    "cr8": "create",
    "upd8": "update",
    "rel8": "relate",
    "i": "I",
    "monday": "Monday",
    "tuesday": "Tuesday",
    "wednesday": "Wednesday",
    "thursday": "Thursday",
    "friday": "Friday",
    "saturday": "Saturday",
    "sunday": "Sunday",
    "january": "January",
    "february": "February",
    "march": "March",
    "april": "April",
    "june": "June",
    "july": "July",
    "august": "August",
    "september": "September",
    "october": "October",
    "november": "November",
    "december": "December",
    "english": "English",
    "spanish": "Spanish",
    "french": "French",
    "german": "German",
    "italian": "Italian",
    "chinese": "Chinese",
    "japanese": "Japanese",
    "america": "America",
    "american": "American",
    "europe": "Europe",
    "european": "European",
    "asia": "Asia",
    "asian": "Asian",
    "africa": "Africa",
    "african": "African",
    "australia": "Australia",
    "australian": "Australian",
    "canada": "Canada",
    "canadian": "Canadian",
    "mexico": "Mexico",
    "mexican": "Mexican",
    "brazil": "Brazil",
    "brazilian": "Brazilian",
    "india": "India",
    "indian": "Indian",
    "china": "China",
    "japan": "Japan",
    "korea": "Korea",
    "korean": "Korean",
    "russia": "Russia",
    "russian": "Russian",
    "uk": "UK",
    "usa": "USA",
    "us": "US",
    "accomodate": "accommodate",
    "embarass": "embarrass",
    "harrass": "harass",
    "occuring": "occurring",
    "comming": "coming",
    "runing": "running",
    "geting": "getting",
    "seting": "setting",
    "puting": "putting",
    "cuting": "cutting",
    "hiting": "hitting",
    "siting": "sitting",
    "stoping": "stopping",
    "droping": "dropping",
    "shoping": "shopping",
    "planing": "planning",
    "speling": "spelling",
    "traveling": "travelling",
    "modeling": "modelling",
    "counceling": "counselling",
    "leveling": "levelling",
    "labeling": "labelling",
    "signaling": "signalling",
    "canceling": "cancelling",
    "finaly": "finally",
    "realy": "really",
    "usualy": "usually",
    "actualy": "actually",
    "especialy": "especially",
    "generaly": "generally",
    "physicaly": "physically",
    "mentaly": "mentally",
    "emotionaly": "emotionally",
    "socialy": "socially",
    "personaly": "personally",
    "professionaly": "professionally",
    "nationaly": "nationally",
    "internationaly": "internationally",
    "additionaly": "additionally",
    "traditionaly": "traditionally",
    "occasionaly": "occasionally",
    "unfortunatly": "unfortunately",
    "immediatly": "immediately",
    "seperately": "separately",
    "desparately": "desperately",
    "deliberatly": "deliberately",
    "approximatly": "approximately",
    "appropriatly": "appropriately",
    "comfortabley": "comfortably",
    "reasonabley": "reasonably",
    "considerabley": "considerably",
    "probabley": "probably",
    "possibley": "possibly",
    "incredibley": "incredibly",
    "unbelievabley": "unbelievably",
    "remarkabley": "remarkably",
    "noticeabley": "noticeably",
    "availabley": "available",
    "valuabley": "valuable",
    "comparabley": "comparable",
    "favorabley": "favorable",
    "unfavorabley": "unfavorable",
    "enviornment": "environment",
    "managment": "management",
    "requiremnt": "requirement",
    "achievemnt": "achievement",
    "agreemnt": "agreement",
    "arrangmnt": "arrangement",
    "astonishmnt": "astonishment",
    "disappointmnt": "disappointment",
    "establishmnt": "establishment",
    "improvemnt": "improvement",
    "involvemnt": "involvement",
    "measuremnt": "measurement",
    "movemnt": "movement",
    "replacemnt": "replacement",
    "treatmnt": "treatment",
    "statmnt": "statement",
    "departmnt": "department",
    "equipmnt": "equipment",
    "argumnt": "argument",
    "documnt": "document",
    "instrumnt": "instrument",
    "momnt": "moment",
    "commentery": "commentary",
    "documentery": "documentary",
    "momentery": "momentary",
    "complimentery": "complimentary",
    "supplementery": "supplementary",
    "rudimentery": "rudimentary",
    "elementery": "elementary",
    "parlamentery": "parliamentary",
    "militery": "military",
    "solitery": "solitary",
    "monetery": "monetary",
    "secretery": "secretary",
    "dietery": "dietary",
    "proprietery": "proprietary"
  },
  "contractions": {
    "don't": ["do", "not"],
    "won't": ["will", "not"],
    "can't": ["can", "not"],
    "shouldn't": ["should", "not"],
    "wouldn't": ["would", "not"],
    "couldn't": ["could", "not"],
    "haven't": ["have", "not"],
    "hasn't": ["has", "not"],
    "hadn't": ["had", "not"],
    "isn't": ["is", "not"],
    "aren't": ["are", "not"],
    "wasn't": ["was", "not"],
    "weren't": ["were", "not"],
    "doesn't": ["does", "not"],
    "didn't": ["did", "not"],
    "you're": ["you", "are"],
    "they're": ["they", "are"],
    "we're": ["we", "are"],
    "it's": ["it", "is"],
    "that's": ["that", "is"],
    "there's": ["there", "is"],
    "here's": ["here", "is"],
    "where's": ["where", "is"],
    "who's": ["who", "is"],
    "what's": ["what", "is"],
    "let's": ["let", "us"],
    "i'm": ["i", "am"],
    "you'll": ["you", "will"],
    "he'll": ["he", "will"],
    "she'll": ["she", "will"],
    "we'll": ["we", "will"],
    "they'll": ["they", "will"],
    "i'll": ["i", "will"],
    "it'll": ["it", "will"],
    "that'll": ["that", "will"],
    "i've": ["i", "have"],
    "you've": ["you", "have"],
    "we've": ["we", "have"],
    "they've": ["they", "have"],
    "i'd": ["i", "would"],
    "you'd": ["you", "would"],
    "he'd": ["he", "would"],
    "she'd": ["she", "would"],
    "we'd": ["we", "would"],
    "they'd": ["they", "would"],
    "might've": ["might", "have"],
    "should've": ["should", "have"],
    "could've": ["could", "have"],
    "would've": ["would", "have"],
    "must've": ["must", "have"],
    "needn't": ["need", "not"],
    "mustn't": ["must", "not"],
    "mightn't": ["might", "not"],
    "shan't": ["shall", "not"],
    "mayn't": ["may", "not"],
    "oughtn't": ["ought", "not"],
    "daren't": ["dare", "not"],
    "usedn't": ["used", "not"]
  }
}