{
  "academic_words": [
    {"word": "research", "frequency": 5000, "category": "academic"},
    {"word": "analysis", "frequency": 4800, "category": "academic"},
    {"word": "theory", "frequency": 4600, "category": "academic"},
    {"word": "hypothesis", "frequency": 4400, "category": "academic"},
    {"word": "methodology", "frequency": 4200, "category": "academic"},
    {"word": "conclusion", "frequency": 4000, "category": "academic"},
    {"word": "evidence", "frequency": 3800, "category": "academic"},
    {"word": "significant", "frequency": 3600, "category": "academic"},
    {"word": "correlation", "frequency": 3400, "category": "academic"},
    {"word": "variable", "frequency": 3200, "category": "academic"},
    {"word": "statistic", "frequency": 3000, "category": "academic"},
    {"word": "phenomenon", "frequency": 2800, "category": "academic"},
    {"word": "criteria", "frequency": 2600, "category": "academic"},
    {"word": "paradigm", "frequency": 2400, "category": "academic"},
    {"word": "synthesis", "frequency": 2200, "category": "academic"},
    {"word": "comprehensive", "frequency": 2000, "category": "academic"},
    {"word": "preliminary", "frequency": 1800, "category": "academic"},
    {"word": "subsequent", "frequency": 1600, "category": "academic"},
    {"word": "furthermore", "frequency": 1400, "category": "academic"},
    {"word": "nevertheless", "frequency": 1200, "category": "academic"},
    {"word": "consequently", "frequency": 1000, "category": "academic"},
    {"word": "therefore", "frequency": 900, "category": "academic"},
    {"word": "moreover", "frequency": 700, "category": "academic"},
    {"word": "likewise", "frequency": 600, "category": "academic"},
    {"word": "similarly", "frequency": 500, "category": "academic"},
    {"word": "specifically", "frequency": 450, "category": "academic"},
    {"word": "particularly", "frequency": 400, "category": "academic"},
    {"word": "essentially", "frequency": 350, "category": "academic"},
    {"word": "ultimately", "frequency": 300, "category": "academic"}
  ],
  "social_media_words": [
    {"word": "social", "frequency": 5000, "category": "social_media"},
    {"word": "media", "frequency": 4800, "category": "social_media"},
    {"word": "post", "frequency": 4600, "category": "social_media"},
    {"word": "share", "frequency": 4400, "category": "social_media"},
    {"word": "comment", "frequency": 4000, "category": "social_media"},
    {"word": "follow", "frequency": 3800, "category": "social_media"},
    {"word": "follower", "frequency": 3600, "category": "social_media"},
    {"word": "friend", "frequency": 3400, "category": "social_media"},
    {"word": "message", "frequency": 3200, "category": "social_media"},
    {"word": "chat", "frequency": 3000, "category": "social_media"},
    {"word": "photo", "frequency": 2600, "category": "social_media"},
    {"word": "picture", "frequency": 2400, "category": "social_media"},
    {"word": "selfie", "frequency": 2200, "category": "social_media"},
    {"word": "story", "frequency": 2000, "category": "social_media"},
    {"word": "status", "frequency": 1800, "category": "social_media"},
    {"word": "notification", "frequency": 1400, "category": "social_media"},
    {"word": "hashtag", "frequency": 1200, "category": "social_media"},
    {"word": "trending", "frequency": 1000, "category": "social_media"},
    {"word": "viral", "frequency": 900, "category": "social_media"},
    {"word": "influencer", "frequency": 800, "category": "social_media"},
    {"word": "content", "frequency": 750, "category": "social_media"},
    {"word": "creator", "frequency": 700, "category": "social_media"},
    {"word": "subscriber", "frequency": 650, "category": "social_media"},
    {"word": "channel", "frequency": 600, "category": "social_media"},
    {"word": "stream", "frequency": 580, "category": "social_media"},
    {"word": "live", "frequency": 560, "category": "social_media"},
    {"word": "broadcast", "frequency": 540, "category": "social_media"},
    {"word": "meme", "frequency": 520, "category": "social_media"},
    {"word": "emoji", "frequency": 500, "category": "social_media"},
    {"word": "reaction", "frequency": 480, "category": "social_media"},
    {"word": "engagement", "frequency": 460, "category": "social_media"},
    {"word": "algorithm", "frequency": 440, "category": "social_media"},
    {"word": "feed", "frequency": 420, "category": "social_media"},
    {"word": "timeline", "frequency": 400, "category": "social_media"},
    {"word": "profile", "frequency": 380, "category": "social_media"},
    {"word": "account", "frequency": 360, "category": "social_media"},
    {"word": "username", "frequency": 340, "category": "social_media"}
  ],
  "programming_words": [
    {"word": "programming", "frequency": 3000, "category": "programming"},
    {"word": "code", "frequency": 2800, "category": "programming"},
    {"word": "coding", "frequency": 2600, "category": "programming"},
    {"word": "development", "frequency": 2200, "category": "programming"},
    {"word": "developer", "frequency": 2000, "category": "programming"},
    {"word": "function", "frequency": 1800, "category": "programming"},
    {"word": "variable", "frequency": 1600, "category": "programming"},
    {"word": "algorithm", "frequency": 1400, "category": "programming"},
    {"word": "database", "frequency": 1200, "category": "programming"},
    {"word": "framework", "frequency": 1000, "category": "programming"},
    {"word": "library", "frequency": 900, "category": "programming"},
    {"word": "syntax", "frequency": 800, "category": "programming"},
    {"word": "debugging", "frequency": 700, "category": "programming"},
    {"word": "testing", "frequency": 650, "category": "programming"},
    {"word": "deployment", "frequency": 600, "category": "programming"},
    {"word": "repository", "frequency": 550, "category": "programming"},
    {"word": "version", "frequency": 500, "category": "programming"},
    {"word": "control", "frequency": 480, "category": "programming"},
    {"word": "interface", "frequency": 460, "category": "programming"},
    {"word": "backend", "frequency": 440, "category": "programming"},
    {"word": "frontend", "frequency": 420, "category": "programming"},
    {"word": "fullstack", "frequency": 400, "category": "programming"},
    {"word": "javascript", "frequency": 380, "category": "programming"},
    {"word": "python", "frequency": 360, "category": "programming"},
    {"word": "java", "frequency": 340, "category": "programming"},
    {"word": "react", "frequency": 320, "category": "programming"},
    {"word": "angular", "frequency": 300, "category": "programming"},
    {"word": "vue", "frequency": 280, "category": "programming"},
    {"word": "node", "frequency": 260, "category": "programming"},
    {"word": "express", "frequency": 240, "category": "programming"},
    {"word": "mongodb", "frequency": 220, "category": "programming"},
    {"word": "mysql", "frequency": 200, "category": "programming"},
    {"word": "postgresql", "frequency": 180, "category": "programming"},
    {"word": "api", "frequency": 160, "category": "programming"},
    {"word": "rest", "frequency": 140, "category": "programming"},
    {"word": "graphql", "frequency": 120, "category": "programming"},
    {"word": "github", "frequency": 100, "category": "programming"},
    {"word": "gitlab", "frequency": 90, "category": "programming"},
    {"word": "docker", "frequency": 80, "category": "programming"}
  ],
  "emotions_words": [
    {"word": "happy", "frequency": 4000, "category": "emotion"},
    {"word": "sad", "frequency": 3500, "category": "emotion"},
    {"word": "angry", "frequency": 3000, "category": "emotion"},
    {"word": "excited", "frequency": 2800, "category": "emotion"},
    {"word": "worried", "frequency": 2600, "category": "emotion"},
    {"word": "anxious", "frequency": 2400, "category": "emotion"},
    {"word": "nervous", "frequency": 2200, "category": "emotion"},
    {"word": "calm", "frequency": 2000, "category": "emotion"},
    {"word": "peaceful", "frequency": 1800, "category": "emotion"},
    {"word": "stressed", "frequency": 1600, "category": "emotion"},
    {"word": "frustrated", "frequency": 1400, "category": "emotion"},
    {"word": "disappointed", "frequency": 1200, "category": "emotion"},
    {"word": "surprised", "frequency": 1100, "category": "emotion"},
    {"word": "amazed", "frequency": 1000, "category": "emotion"},
    {"word": "confused", "frequency": 950, "category": "emotion"},
    {"word": "embarrassed", "frequency": 900, "category": "emotion"},
    {"word": "proud", "frequency": 850, "category": "emotion"},
    {"word": "grateful", "frequency": 800, "category": "emotion"},
    {"word": "thankful", "frequency": 750, "category": "emotion"},
    {"word": "hopeful", "frequency": 700, "category": "emotion"},
    {"word": "optimistic", "frequency": 650, "category": "emotion"},
    {"word": "pessimistic", "frequency": 600, "category": "emotion"},
    {"word": "jealous", "frequency": 580, "category": "emotion"},
    {"word": "envious", "frequency": 560, "category": "emotion"},
    {"word": "lonely", "frequency": 540, "category": "emotion"},
    {"word": "isolated", "frequency": 520, "category": "emotion"},
    {"word": "connected", "frequency": 500, "category": "emotion"},
    {"word": "loved", "frequency": 480, "category": "emotion"},
    {"word": "appreciated", "frequency": 460, "category": "emotion"},
    {"word": "valued", "frequency": 440, "category": "emotion"},
    {"word": "respected", "frequency": 420, "category": "emotion"},
    {"word": "motivated", "frequency": 400, "category": "emotion"},
    {"word": "inspired", "frequency": 380, "category": "emotion"},
    {"word": "determined", "frequency": 360, "category": "emotion"},
    {"word": "confident", "frequency": 340, "category": "emotion"},
    {"word": "insecure", "frequency": 320, "category": "emotion"},
    {"word": "doubtful", "frequency": 300, "category": "emotion"},
    {"word": "uncertain", "frequency": 280, "category": "emotion"},
    {"word": "overwhelmed", "frequency": 260, "category": "emotion"},
    {"word": "exhausted", "frequency": 240, "category": "emotion"}
  ]
}
