{
  "technology_words": [
    {"word": "computer", "frequency": 8000, "category": "technology"},
    {"word": "internet", "frequency": 7500, "category": "technology"},
    {"word": "phone", "frequency": 7000, "category": "technology"},
    {"word": "app", "frequency": 6500, "category": "technology"},
    {"word": "website", "frequency": 6000, "category": "technology"},
    {"word": "email", "frequency": 5500, "category": "technology"},
    {"word": "software", "frequency": 5000, "category": "technology"},
    {"word": "data", "frequency": 4800, "category": "technology"},
    {"word": "system", "frequency": 4600, "category": "technology"},
    {"word": "network", "frequency": 4400, "category": "technology"},
    {"word": "password", "frequency": 4200, "category": "technology"},
    {"word": "login", "frequency": 4000, "category": "technology"},
    {"word": "download", "frequency": 3800, "category": "technology"},
    {"word": "upload", "frequency": 3600, "category": "technology"},
    {"word": "file", "frequency": 3400, "category": "technology"},
    {"word": "folder", "frequency": 3200, "category": "technology"},
    {"word": "browser", "frequency": 3000, "category": "technology"},
    {"word": "search", "frequency": 2800, "category": "technology"},
    {"word": "google", "frequency": 2600, "category": "technology"},
    {"word": "youtube", "frequency": 2400, "category": "technology"},
    {"word": "facebook", "frequency": 2200, "category": "technology"},
    {"word": "twitter", "frequency": 2000, "category": "technology"},
    {"word": "instagram", "frequency": 1800, "category": "technology"},
    {"word": "laptop", "frequency": 1600, "category": "technology"},
    {"word": "tablet", "frequency": 1400, "category": "technology"},
    {"word": "smartphone", "frequency": 1200, "category": "technology"},
    {"word": "wifi", "frequency": 1000, "category": "technology"},
    {"word": "bluetooth", "frequency": 800, "category": "technology"},
    {"word": "keyboard", "frequency": 600, "category": "technology"},
    {"word": "mouse", "frequency": 500, "category": "technology"},
    {"word": "screen", "frequency": 450, "category": "technology"},
    {"word": "monitor", "frequency": 400, "category": "technology"},
    {"word": "printer", "frequency": 350, "category": "technology"},
    {"word": "scanner", "frequency": 300, "category": "technology"},
    {"word": "camera", "frequency": 280, "category": "technology"},
    {"word": "video", "frequency": 260, "category": "technology"},
    {"word": "audio", "frequency": 240, "category": "technology"},
    {"word": "music", "frequency": 220, "category": "technology"},
    {"word": "game", "frequency": 200, "category": "technology"},
    {"word": "gaming", "frequency": 180, "category": "technology"},
    {"word": "online", "frequency": 160, "category": "technology"},
    {"word": "offline", "frequency": 140, "category": "technology"},
    {"word": "update", "frequency": 120, "category": "technology"},
    {"word": "install", "frequency": 100, "category": "technology"},
    {"word": "delete", "frequency": 90, "category": "technology"},
    {"word": "save", "frequency": 80, "category": "technology"},
    {"word": "backup", "frequency": 70, "category": "technology"},
    {"word": "restore", "frequency": 60, "category": "technology"},
    {"word": "sync", "frequency": 50, "category": "technology"},
    {"word": "cloud", "frequency": 45, "category": "technology"}
  ]
}
